"sde_weight","sdl_weight","awy_weight","cost_weight","sde_score","sdl_score","awy_score","cost_score","esm_case","NA","NA","NA","NA","NA","NA","NA","NA","NA","NA","NA","NA","NA","NA","NA","NA","NA","NA","NA","NA","NA","NA","NA","NA","index"
0,0,1,0,3.16990729618149,-1460.34944649616,4685569.15863932,1248832000,1,0,0,790,0,0,0,0,0,1,0,0,0,0,0,1,0,0,0,0,0,1248832000,0,0,0,1
0.25,0,0.75,0,3.16990729618149,-1460.34944649616,4685569.15863932,1248832000,1,0,0,790,0,0,0,0,0,1,0,0,0,0,0,1,0,0,0,0,0,1248832000,0,0,0,2
0.5,0,0.5,0,979.79878234315,2599.42143959347,4685416.01583542,1249024000,1,0,1,790,0,0,0,0,0.00126422250316056,0.998735777496839,0,0,0,0,0.000153720024595204,0.999846279975405,0,0,0,0,192000,1248832000,0,0,0,3
0.75,0,0.25,0,21773.6890508687,148775.249264939,4644029.34283412,1249952000,1,0,47,785,0,0,0,0,0.0564903846153846,0.943509615384615,0,0,0,0,0.00721947722792555,0.992780522772074,0,0,0,0,9024000,1240928000,0,0,0,4
1,0,0,0,343057.622821482,5788621.6556215,-3483823.65670308,1249849600,1,0,6452,0,0,7,0,0,0.998916240904165,0,0,0.00108375909583527,0,0,0.991146454741434,0,0,0.00885354525856551,0,0,1238784000,0,0,11065600,0,5
0,0.25,0.75,0,24703.870368756,291472.869457971,4608454.00237468,1249772800,1,0,79,781,0,0,0,0,0.0918604651162791,0.908139534883721,0,0,0,0,0.0121366059494974,0.987863394050503,0,0,0,0,15168000,1234604800,0,0,0,6
0.25,0.25,0.5,0,65222.0545183548,841973.946243537,4367498.88185707,1249491200,1,0,341,749,0,0,0,0,0.312844036697248,0.687155963302752,0,0,0,0,0.0523989284598403,0.94760107154016,0,0,0,0,65472000,1184019200,0,0,0,7
0.5,0.25,0.25,0,179333.40475995,2977099.24895998,2608459.84943977,1249113600,1,0,2208,520,0,2,0,0,0.808791208791209,0.19047619047619,0,0.000732600732600733,0,0,0.339389467859449,0.658079457304764,0,0.00253107483578755,0,0,423936000,822016000,0,3161600,0,8
0.75,0.25,0,0,318937.808165381,6395739.33255668,-4537624.65166098,1249907200,1,0,6477,0,0,4,0,0,0.999382811294553,0,0,0.00061718870544669,0,0,0.994941064424623,0,0,0.00505893557537712,0,0,1243584000,0,0,6323200,0,9
0,0.5,0.5,0,157022.468776426,2622358.92729617,2985317.14659866,1249344000,1,0,1814,569,0,1,0,0,0.760906040268456,0.238674496644295,0,0.000419463087248322,0,0,0.278776702013217,0.719957993955228,0,0.00126530403155576,0,0,348288000,899475200,0,1580800,0,10
0.25,0.5,0.25,0,286833.880026203,5518236.95312359,-1170736.7017515,1249927408,1,0,5676,92,0,5,1,0,0.983027364045722,0.0159334949774853,0,0.000865950813993765,0.000173190162798753,0,0.87188423345622,0.116353637074578,0,0.00632356723231402,0.00543856223688792,0,1089792000,145433600,0,7904000,6797808,11
0.5,0.5,0,0,313837.974314705,6405651.85328516,-4601508.88462527,1249907200,1,0,6477,0,0,4,0,0,0.999382811294553,0,0,0.00061718870544669,0,0,0.994941064424623,0,0,0.00505893557537712,0,0,1243584000,0,0,6323200,0,12
0,0.75,0.25,0,307056.60700609,6113359.8212852,-2543033.56313381,1249837808,1,0,6433,0,0,5,1,0,0.999068178288554,0,0,0.000776518092871564,0.000155303618574313,0,0.988237027311947,0,0,0.00632402056443471,0.00543895212361827,0,1235136000,0,0,7904000,6797808,13
0.25,0.75,0,0,311984.981812264,6406868.02364803,-4633473.88311854,1249907200,1,0,6477,0,0,4,0,0,0.999382811294553,0,0,0.00061718870544669,0,0,0.994941064424623,0,0,0.00505893557537712,0,0,1243584000,0,0,6323200,0,14
0,1,0,0,310569.019803984,6407083.00401355,-4643249.43878166,1249907200,1,0,6477,0,0,4,0,0,0.999382811294553,0,0,0.00061718870544669,0,0,0.994941064424623,0,0,0.00505893557537712,0,0,1243584000,0,0,6323200,0,15
0,0,1,0,-9.54841335031756,-1460.34944649616,4685569.15863932,1248832000,2,0,0,790,0,0,0,0,0,1,0,0,0,0,0,1,0,0,0,0,0,1248832000,0,0,0,16
0.25,0,0.75,0,-9.54841335031756,-1460.34944649616,4685569.15863932,1248832000,2,0,0,790,0,0,0,0,0,1,0,0,0,0,0,1,0,0,0,0,0,1248832000,0,0,0,17
0.5,0,0.5,0,11356.6963203011,42808.7414027799,4678847.58552084,1249555200,2,0,12,789,0,0,0,0,0.0149812734082397,0.98501872659176,0,0,0,0,0.00184385611776094,0.998156143882239,0,0,0,0,2304000,1247251200,0,0,0,18
0.75,0,0.25,0,182869.0876103,867729.204275216,4327399.39837692,1248556800,2,0,402,740,0,1,0,0,0.351706036745407,0.647419072615923,0,0.000874890638670166,0,0,0.0618185732519338,0.936915324957583,0,0.00126610179048322,0,0,77184000,1169792000,0,1580800,0,19
1,0,0,0,1047387.51974783,6227644.21934819,-4045737.46075193,1249894400,2,0,6444,0,0,8,0,0,0.998760074395536,0,0,0.00123992560446373,0,0,0.989882025233492,0,0,0.0101179747665083,0,0,1237248000,0,0,12646400,0,20
0,0.25,0.75,0,59589.1804143796,291472.869457971,4608454.00237468,1249772800,2,0,79,781,0,0,0,0,0.0918604651162791,0.908139534883721,0,0,0,0,0.0121366059494974,0.987863394050503,0,0,0,0,15168000,1234604800,0,0,0,21
0.25,0.25,0.5,0,190569.737787115,977316.519514533,4290357.9267222,1249145600,2,0,438,737,0,0,0,0,0.372765957446809,0.627234042553191,0,0,0,0,0.0673228164915283,0.932677183508472,0,0,0,0,84096000,1165049600,0,0,0,22
0.5,0.25,0.25,0,652618.967563468,3770737.3528537,1648671.98661332,1248492800,2,0,3201,398,0,3,0,0,0.888672959466963,0.110494169905608,0,0.000832870627429206,0,0,0.492267156046074,0.50393434387447,0,0.0037985000794558,0,0,614592000,629158400,0,4742400,0,23
0.75,0.25,0,0,1034332.31043059,6386180.98331186,-4471901.9773286,1249952000,2,0,6469,0,0,5,0,0,0.999227679950571,0,0,0.000772320049428483,0,0,0.993676557179796,0,0,0.0063234428202043,0,0,1242048000,0,0,7904000,0,24
0,0.5,0.5,0,460732.784075903,2622358.92729617,2985317.14659866,1249344000,2,0,1814,569,0,1,0,0,0.760906040268456,0.238674496644295,0,0.000419463087248322,0,0,0.278776702013217,0.719957993955228,0,0.00126530403155576,0,0,348288000,899475200,0,1580800,0,25
0.25,0.5,0.25,0,938507.080185792,5695290.4491014,-1543388.95853918,1249997808,2,0,5981,55,0,5,1,0,0.98990400529626,0.00910294604435617,0,0.000827540549486925,0.000165508109897385,0,0.918683211002879,0.0695553219722126,0,0.00632321108838296,0.00543825593652561,0,1148352000,86944000,0,7904000,6797808,26
0.5,0.5,0,0,1025363.53934394,6403947.91093446,-4577107.83760144,1249907200,2,0,6477,0,0,4,0,0,0.999382811294553,0,0,0.00061718870544669,0,0,0.994941064424623,0,0,0.00505893557537712,0,0,1243584000,0,0,6323200,0,27
0,0.75,0.25,0,992330.41967794,6113359.8212852,-2543033.56313381,1249837808,2,0,6433,0,0,5,1,0,0.999068178288554,0,0,0.000776518092871564,0.000155303618574313,0,0.988237027311947,0,0,0.00632402056443471,0.00543895212361827,0,1235136000,0,0,7904000,6797808,28
0.25,0.75,0,0,1021102.68782889,6406663.07256185,-4621400.62434105,1249907200,2,0,6477,0,0,4,0,0,0.999382811294553,0,0,0.00061718870544669,0,0,0.994941064424623,0,0,0.00505893557537712,0,0,1243584000,0,0,6323200,0,29
0,1,0,0,1018326.72922606,6407083.00401355,-4643249.43878166,1249907200,2,0,6477,0,0,4,0,0,0.999382811294553,0,0,0.00061718870544669,0,0,0.994941064424623,0,0,0.00505893557537712,0,0,1243584000,0,0,6323200,0,30
0,0,1,0,-131.473893815533,-1460.34944649616,4685569.15863932,1248832000,3,0,0,790,0,0,0,0,0,1,0,0,0,0,0,1,0,0,0,0,0,1248832000,0,0,0,31
0.25,0,0.75,0,-131.473893815533,-1460.34944649616,4685569.15863932,1248832000,3,0,0,790,0,0,0,0,0,1,0,0,0,0,0,1,0,0,0,0,0,1248832000,0,0,0,32
0.5,0,0.5,0,56259.8567705055,182825.318740369,4642928.13366356,1249952000,3,0,47,785,0,0,0,0,0.0564903846153846,0.943509615384615,0,0,0,0,0.00721947722792555,0.992780522772074,0,0,0,0,9024000,1240928000,0,0,0,33
0.75,0,0.25,0,534138.017296816,1866134.13510348,3653737.55251223,1248544000,3,0,1110,655,0,0,0,0,0.628895184135977,0.371104815864023,0,0,0,0,0.170694825332547,0.829305174667453,0,0,0,0,213120000,1035424000,0,0,0,34
1,0,0,0,1711288.13266197,6368782.01211816,-4375440.8127137,1249952000,3,0,6469,0,0,5,0,0,0.999227679950571,0,0,0.000772320049428483,0,0,0.993676557179796,0,0,0.0063234428202043,0,0,1242048000,0,0,7904000,0,35
0,0.25,0.75,0,86451.8910398616,291472.869457971,4608454.00237468,1249772800,3,0,79,781,0,0,0,0,0.0918604651162791,0.908139534883721,0,0,0,0,0.0121366059494974,0.987863394050503,0,0,0,0,15168000,1234604800,0,0,0,36
0.25,0.25,0.5,0,336831.4188928,1171257.24833433,4172516.69645095,1249241600,3,0,562,722,0,0,0,0,0.437694704049844,0.562305295950156,0,0,0,0,0.0863756058075556,0.913624394192444,0,0,0,0,107904000,1141337600,0,0,0,37
0.5,0.25,0.25,0,1209761.35393723,4424240.74522853,732265.276851834,1248780800,3,0,4067,292,0,4,0,0,0.932156772862709,0.0669264267705707,0,0.000916800366720147,0,0,0.625301093674727,0.369635407591148,0,0.00506349873412532,0,0,780864000,461593600,0,6323200,0,38
0.75,0.25,0,0,1707871.84212123,6400125.41887972,-4539910.92877181,1249907200,3,0,6477,0,0,4,0,0,0.999382811294553,0,0,0.00061718870544669,0,0,0.994941064424623,0,0,0.00505893557537712,0,0,1243584000,0,0,6323200,0,39
0,0.5,0.5,0,728077.738922602,2622358.92729617,2985317.14659866,1249344000,3,0,1814,569,0,1,0,0,0.760906040268456,0.238674496644295,0,0.000419463087248322,0,0,0.278776702013217,0.719957993955228,0,0.00126530403155576,0,0,348288000,899475200,0,1580800,0,40
0.25,0.5,0.25,0,1575084.13494041,5842327.1328059,-1866648.70273618,1249850608,3,0,6219,26,0,5,1,0,0.994880819068949,0.00415933450647896,0,0.000799872020476724,0.000159974404095345,0,0.955352577625821,0.0328845701533635,0,0.00632395579872375,0.00543889642209143,0,1194048000,41100800,0,7904000,6797808,41
0.5,0.5,0,0,1704948.55488931,6405443.16015254,-4592236.85096463,1249907200,3,0,6477,0,0,4,0,0,0.999382811294553,0,0,0.00061718870544669,0,0,0.994941064424623,0,0,0.00505893557537712,0,0,1243584000,0,0,6323200,0,42
0,0.75,0.25,0,1640105.50243588,6113359.8212852,-2543033.56313381,1249837808,3,0,6433,0,0,5,1,0,0.999068178288554,0,0,0.000776518092871564,0.000155303618574313,0,0.988237027311947,0,0,0.00632402056443471,0.00543895212361827,0,1235136000,0,0,7904000,6797808,43
0.25,0.75,0,0,1702827.62972491,6406838.46316918,-4629024.99868644,1249907200,3,0,6477,0,0,4,0,0,0.999382811294553,0,0,0.00061718870544669,0,0,0.994941064424623,0,0,0.00505893557537712,0,0,1243584000,0,0,6323200,0,44
0,1,0,0,1701285.91957491,6407083.00401355,-4643249.43878166,1249907200,3,0,6477,0,0,4,0,0,0.999382811294553,0,0,0.00061718870544669,0,0,0.994941064424623,0,0,0.00505893557537712,0,0,1243584000,0,0,6323200,0,45
0,0,1,0,21.8900336153735,591.121696729481,3365633.5625217,1248832000,4,0,0,790,0,0,0,0,0,1,0,0,0,0,0,1,0,0,0,0,0,1248832000,0,0,0,46
0.25,0,0.75,0,21.8900336153735,591.121696729481,3365633.5625217,1248832000,4,0,0,790,0,0,0,0,0,1,0,0,0,0,0,1,0,0,0,0,0,1248832000,0,0,0,47
0.5,0,0.5,0,2756.67065088227,15448.6145397533,3365201.13093936,1249600000,4,0,4,790,0,0,0,0,0.00503778337531486,0.994962216624685,0,0,0,0,0.000614596670934699,0.999385403329065,0,0,0,0,768000,1248832000,0,0,0,48
0.75,0,0.25,0,29454.6855959356,211589.68065428,3307317.40139226,1249344000,4,0,85,779,0,1,0,0,0.0982658959537572,0.900578034682081,0,0.00115606936416185,0,0,0.0130628553865068,0.985671840581937,0,0.00126530403155576,0,0,16320000,1231443200,0,1580800,0,49
1,0,0,0,343057.622821482,5788621.6556215,-4703391.4436684,1249849600,4,0,6452,0,0,7,0,0,0.998916240904165,0,0,0.00108375909583527,0,0,0.991146454741434,0,0,0.00885354525856551,0,0,1238784000,0,0,11065600,0,50
0,0.25,0.75,0,34657.7097281531,439017.825845752,3253916.73832571,1248761600,4,0,189,767,0,0,0,0,0.197698744769874,0.802301255230126,0,0,0,0,0.0290591895202415,0.970940810479759,0,0,0,0,36288000,1212473600,0,0,0,51
0.25,0.25,0.5,0,90802.1461497215,1257043.1303179,2899938.2792477,1248787200,4,0,749,699,0,0,0,0,0.517265193370166,0.482734806629834,0,0,0,0,0.115158131025046,0.884841868974954,0,0,0,0,143808000,1104979200,0,0,0,52
0.5,0.25,0.25,0,208981.479772358,3595256.05545306,1018705.15965558,1249555200,4,0,3470,368,0,1,0,0,0.903881219067465,0.0958582964313623,0,0.00026048450117218,0,0,0.533181727385873,0.465553182444441,0,0.00126509016968598,0,0,666240000,581734400,0,1580800,0,53
0.75,0.25,0,0,318937.808165381,6395739.33255668,-6138673.87580007,1249907200,4,0,6477,0,0,4,0,0,0.999382811294553,0,0,0.00061718870544669,0,0,0.994941064424623,0,0,0.00505893557537712,0,0,1243584000,0,0,6323200,0,54
0,0.5,0.5,0,187767.697121434,3268298.70041232,1367121.18515892,1249568000,4,0,3009,425,0,0,0,0,0.876237623762376,0.123762376237624,0,0,0,0,0.462342185459295,0.537657814540705,0,0,0,0,577728000,671840000,0,0,0,55
0.25,0.5,0.25,0,290739.931386714,5597490.65997846,-1951865.40399231,1249857008,4,0,6359,6,0,8,1,0,0.997646689676812,0.00094132412927518,0,0.00125509883903357,0.000156887354879197,0,0.97685414586242,0.00758870809963887,0,0.0101182774661852,0.00543886857175585,0,1220928000,9484800,0,12646400,6797808,56
0.5,0.5,0,0,313837.974314705,6405651.85328516,-6224903.60938854,1249907200,4,0,6477,0,0,4,0,0,0.999382811294553,0,0,0.00061718870544669,0,0,0.994941064424623,0,0,0.00505893557537712,0,0,1243584000,0,0,6323200,0,57
0,0.75,0.25,0,301273.069513744,5927185.80039637,-2758574.84030151,1249837808,4,0,6433,0,0,5,1,0,0.999068178288554,0,0,0.000776518092871564,0.000155303618574313,0,0.988237027311947,0,0,0.00632402056443471,0.00543895212361827,0,1235136000,0,0,7904000,6797808,58
0.25,0.75,0,0,311984.981812264,6406868.02364803,-6268168.26733346,1249907200,4,0,6477,0,0,4,0,0,0.999382811294553,0,0,0.00061718870544669,0,0,0.994941064424623,0,0,0.00505893557537712,0,0,1243584000,0,0,6323200,0,59
0,1,0,0,310569.019803984,6407083.00401355,-6281254.31333409,1249907200,4,0,6477,0,0,4,0,0,0.999382811294553,0,0,0.00061718870544669,0,0,0.994941064424623,0,0,0.00505893557537712,0,0,1243584000,0,0,6323200,0,60
0,0,1,0,122.757317313729,591.121696729481,3365633.5625217,1248832000,5,0,0,790,0,0,0,0,0,1,0,0,0,0,0,1,0,0,0,0,0,1248832000,0,0,0,61
0.25,0,0.75,0,122.757317313729,591.121696729481,3365633.5625217,1248832000,5,0,0,790,0,0,0,0,0,1,0,0,0,0,0,1,0,0,0,0,0,1248832000,0,0,0,62
0.5,0,0.5,0,28507.8821855738,118438.216210023,3343090.33448999,1248608000,5,0,40,785,0,0,0,0,0.0484848484848485,0.951515151515152,0,0,0,0,0.00615084958609908,0.993849150413901,0,0,0,0,7680000,1240928000,0,0,0,63
0.75,0,0.25,0,249192.288278256,1214126.9541732,2894960.37505542,1248640000,5,0,740,698,0,2,0,0,0.513888888888889,0.484722222222222,0,0.00138888888888889,0,0,0.113787801127627,0.883680164018452,0,0.00253203485392107,0,0,142080000,1103398400,0,3161600,0,64
1,0,0,0,1047387.51974783,6227644.21934819,-5469785.75214417,1249894400,5,0,6444,0,0,8,0,0,0.998760074395536,0,0,0.00123992560446373,0,0,0.989882025233492,0,0,0.0101179747665083,0,0,1237248000,0,0,12646400,0,65
0,0.25,0.75,0,87805.1243919184,439017.825845752,3253916.73832571,1248761600,5,0,189,767,0,0,0,0,0.197698744769874,0.802301255230126,0,0,0,0,0.0290591895202415,0.970940810479759,0,0,0,0,36288000,1212473600,0,0,0,66
0.25,0.25,0.5,0,278699.077925546,1484794.34803082,2772572.55887196,1248582400,5,0,962,673,0,0,0,0,0.588379204892966,0.411620795107034,0,0,0,0,0.14793096554941,0.85206903445059,0,0,0,0,184704000,1063878400,0,0,0,67
0.5,0.25,0.25,0,721584.473132533,4196755.80906951,295182.021351059,1249018608,5,0,4321,259,0,2,1,0,0.942832205978617,0.0565132009600698,0,0.000436395374209033,0.000218197687104517,0,0.664227093724772,0.327799119546824,0,0.00253126733240791,0.00544251939599606,0,829632000,409427200,0,3161600,6797808,68
0.75,0.25,0,0,1034332.31043059,6386180.98331186,-6049480.60127289,1249952000,5,0,6469,0,0,5,0,0,0.999227679950571,0,0,0.000772320049428483,0,0,0.993676557179796,0,0,0.0063234428202043,0,0,1242048000,0,0,7904000,0,69
0,0.5,0.5,0,564768.703353679,3268298.70041232,1367121.18515892,1249568000,5,0,3009,425,0,0,0,0,0.876237623762376,0.123762376237624,0,0,0,0,0.462342185459295,0.537657814540705,0,0,0,0,577728000,671840000,0,0,0,70
0.25,0.5,0.25,0,934807.082185983,5652937.47496423,-2068401.46044325,1249959408,5,0,6376,4,0,8,1,0,0.997965252778213,0.000626076068242291,0,0.00125215213648458,0.000156519017060573,0,0.979385404169861,0.00505872427498862,0,0.0101174485499772,0.0054384230051733,0,1224192000,6323200,0,12646400,6797808,71
0.5,0.5,0,0,1025363.53934394,6403947.91093446,-6192081.11641219,1249907200,5,0,6477,0,0,4,0,0,0.999382811294553,0,0,0.00061718870544669,0,0,0.994941064424623,0,0,0.00505893557537712,0,0,1243584000,0,0,6323200,0,72
0,0.75,0.25,0,968393.356994413,5927185.80039637,-2758574.84030151,1249837808,5,0,6433,0,0,5,1,0,0.999068178288554,0,0,0.000776518092871564,0.000155303618574313,0,0.988237027311947,0,0,0.00632402056443471,0.00543895212361827,0,1235136000,0,0,7904000,6797808,73
0.25,0.75,0,0,1021102.68782889,6406663.07256185,-6251860.04303581,1249907200,5,0,6477,0,0,4,0,0,0.999382811294553,0,0,0.00061718870544669,0,0,0.994941064424623,0,0,0.00505893557537712,0,0,1243584000,0,0,6323200,0,74
0,1,0,0,1018326.72922606,6407083.00401355,-6281254.31333409,1249907200,5,0,6477,0,0,4,0,0,0.999382811294553,0,0,0.00061718870544669,0,0,0.994941064424623,0,0,0.00505893557537712,0,0,1243584000,0,0,6323200,0,75
0,0,1,0,227.090861076194,591.121696729481,3365633.5625217,1248832000,6,0,0,790,0,0,0,0,0,1,0,0,0,0,0,1,0,0,0,0,0,1248832000,0,0,0,76
0.25,0,0.75,0,227.090861076194,591.121696729481,3365633.5625217,1248832000,6,0,0,790,0,0,0,0,0,1,0,0,0,0,0,1,0,0,0,0,0,1248832000,0,0,0,77
0.5,0,0.5,0,93552.9061575942,309928.689013281,3295779.13541369,1249312000,6,0,126,775,0,0,0,0,0.13984461709212,0.86015538290788,0,0,0,0,0.0193642580876514,0.980635741912349,0,0,0,0,24192000,1225120000,0,0,0,78
0.75,0,0.25,0,697315.942997777,2459957.33683016,2076577.28189449,1249478400,6,0,2037,542,0,1,0,0,0.78953488372093,0.210077519379845,0,0.000387596899224806,0,0,0.313013814404475,0.685721017666252,0,0.00126516792927353,0,0,391104000,856793600,0,1580800,0,79
1,0,0,0,1711288.13266197,6368782.01211816,-5918114.7164813,1249952000,6,0,6469,0,0,5,0,0,0.999227679950571,0,0,0.000772320049428483,0,0,0.993676557179796,0,0,0.0063234428202043,0,0,1242048000,0,0,7904000,0,80
0,0.25,0.75,0,129106.141358039,439017.825845752,3253916.73832571,1248761600,6,0,189,767,0,0,0,0,0.197698744769874,0.802301255230126,0,0,0,0,0.0290591895202415,0.970940810479759,0,0,0,0,36288000,1212473600,0,0,0,81
0.25,0.25,0.5,0,485383.001601289,1713600.94549749,2633810.72518779,1248524800,6,0,1184,646,0,0,0,0,0.646994535519126,0.353005464480874,0,0,0,0,0.182077280323146,0.817922719676854,0,0,0,0,227328000,1021196800,0,0,0,82
0.5,0.25,0.25,0,1294490.95531197,4734563.77358739,-451538.216638145,1249959408,6,0,5141,158,0,4,1,0,0.969268476621418,0.029788838612368,0,0.000754147812971342,0.000188536953242836,0,0.789683243857788,0.19981960886205,0,0.00505872427498862,0.0054384230051733,0,987072000,249766400,0,6323200,6797808,83
0.75,0.25,0,0,1707871.84212123,6400125.41887972,-6142052.48223543,1249907200,6,0,6477,0,0,4,0,0,0.999382811294553,0,0,0.00061718870544669,0,0,0.994941064424623,0,0,0.00505893557537712,0,0,1243584000,0,0,6323200,0,84
0,0.5,0.5,0,901375.319413799,3268298.70041232,1367121.18515892,1249568000,6,0,3009,425,0,0,0,0,0.876237623762376,0.123762376237624,0,0,0,0,0.462342185459295,0.537657814540705,0,0,0,0,577728000,671840000,0,0,0,85
0.25,0.5,0.25,0,1537945.1406182,5687717.8498211,-2144409.05229067,1249914608,6,0,6384,3,0,8,1,0,0.99812382739212,0.000469043151969981,0,0.00125078173858662,0.000156347717323327,0,0.980649391690284,0.00379417919403979,0,0.0101178111841061,0.00543861793156993,0,1225728000,4742400,0,12646400,6797808,86
0.5,0.5,0,0,1704948.55488931,6405443.16015254,-6212547.98664315,1249907200,6,0,6477,0,0,4,0,0,0.999382811294553,0,0,0.00061718870544669,0,0,0.994941064424623,0,0,0.00505893557537712,0,0,1243584000,0,0,6323200,0,87
0,0.75,0.25,0,1595095.18618937,5927185.80039637,-2758574.84030151,1249837808,6,0,6433,0,0,5,1,0,0.999068178288554,0,0,0.000776518092871564,0.000155303618574313,0,0.988237027311947,0,0,0.00632402056443471,0.00543895212361827,0,1235136000,0,0,7904000,6797808,88
0.25,0.75,0,0,1702827.62972491,6406838.46316918,-6262233.88678221,1249907200,6,0,6477,0,0,4,0,0,0.999382811294553,0,0,0.00061718870544669,0,0,0.994941064424623,0,0,0.00505893557537712,0,0,1243584000,0,0,6323200,0,89
0,1,0,0,1701285.91957491,6407083.00401355,-6281254.31333409,1249907200,6,0,6477,0,0,4,0,0,0.999382811294553,0,0,0.00061718870544669,0,0,0.994941064424623,0,0,0.00505893557537712,0,0,1243584000,0,0,6323200,0,90
0,0,1,0,149.49808820201,19281.5589435261,2034761.03109508,1248832000,7,0,0,790,0,0,0,0,0,1,0,0,0,0,0,1,0,0,0,0,0,1248832000,0,0,0,91
0.25,0,0.75,0,3306.49569690206,39433.3467524427,2033886.06279562,1248832000,7,0,0,790,0,0,0,0,0,1,0,0,0,0,0,1,0,0,0,0,0,1248832000,0,0,0,92
0.5,0,0.5,0,16781.3724950746,160989.368475616,2023820.17846249,1249747200,7,0,13,789,0,0,0,0,0.0162094763092269,0.983790523690773,0,0,0,0,0.00199720391451967,0.99800279608548,0,0,0,0,2496000,1247251200,0,0,0,93
0.75,0,0.25,0,79023.6808694523,855344.567534438,1883552.82102714,1248627200,7,0,213,751,0,13,0,0,0.218014329580348,0.768679631525077,0,0.0133060388945752,0,0,0.0327527704025669,0.950788834329414,0,0.0164583952680191,0,0,40896000,1187180800,0,20550400,0,94
1,0,0,0,343057.622821482,5788621.6556215,-6226383.21650824,1249849600,7,0,6452,0,0,7,0,0,0.998916240904165,0,0,0.00108375909583527,0,0,0.991146454741434,0,0,0.00885354525856551,0,0,1238784000,0,0,11065600,0,95
0,0.25,0.75,0,101044.945632636,1834524.21255063,1668229.11469071,1248492800,7,0,484,729,0,2,0,0,0.398353909465021,0.6,0,0.00164609053497942,0,0,0.0744321473059356,0.923035519307761,0,0.00253233338630387,0,0,92928000,1152403200,0,3161600,0,96
0.25,0.25,0.5,0,138147.839467342,2459791.5984009,1310280.50107949,1249196800,7,0,1311,628,0,3,0,0,0.675077239958805,0.323377960865088,0,0.00154479917610711,0,0,0.20149907524579,0.794704565365521,0,0.0037963593886888,0,0,251712000,992742400,0,4742400,0,97
0.5,0.25,0.25,0,235301.261977551,4241010.36850156,-327660.096553232,1248653808,7,0,4492,238,0,2,1,0,0.949080921191633,0.0502852313543207,0,0.00042256496936404,0.00021128248468202,0,0.690715068079142,0.301308815613687,0,0.00253200685389653,0.0054441094532745,0,862464000,376230400,0,3161600,6797808,98
0.75,0.25,0,0,318937.808165381,6395739.33255668,-8137909.72754773,1249907200,7,0,6477,0,0,4,0,0,0.999382811294553,0,0,0.00061718870544669,0,0,0.994941064424623,0,0,0.00505893557537712,0,0,1243584000,0,0,6323200,0,99
0,0.5,0.5,0,215598.480481142,3983318.84434584,-18008.7760550561,1249869808,7,0,3922,308,0,2,1,0,0.92652964800378,0.0727616347743917,0,0.00047247814788566,0.00023623907394283,0,0.602481950664097,0.389549693002905,0,0.00252954346105783,0.00543881287194034,0,753024000,486886400,0,3161600,6797808,100
0.25,0.5,0.25,0,279742.571950728,5320935.13936482,-1918837.24389954,1249812208,7,0,6367,8,0,5,1,0,0.997805986522489,0.00125372198714935,0,0.000783576241968343,0.000156715248393669,0,0.978118146210331,0.0101186401597383,0,0.00632415009983644,0.00543906353009475,0,1222464000,12646400,0,7904000,6797808,101
0.5,0.5,0,0,313837.974314705,6405651.85328516,-8252358.80956484,1249907200,7,0,6477,0,0,4,0,0,0.999382811294553,0,0,0.00061718870544669,0,0,0.994941064424623,0,0,0.00505893557537712,0,0,1243584000,0,0,6323200,0,102
0,0.75,0.25,0,292853.497747021,5700432.68285057,-2845918.16575563,1249972208,7,0,6409,1,0,7,1,0,0.998597693985665,0.00015581177937052,0,0.00109068245559364,0.00015581177937052,0,0.984444287740516,0.00126466811812507,0,0.0088526768268755,0.00543836731448352,0,1230528000,1580800,0,11065600,6797808,103
0.25,0.75,0,0,311984.981812264,6406868.02364803,-8309578.1387586,1249907200,7,0,6477,0,0,4,0,0,0.999382811294553,0,0,0.00061718870544669,0,0,0.994941064424623,0,0,0.00505893557537712,0,0,1243584000,0,0,6323200,0,104
0,1,0,0,310569.019803984,6407083.00401355,-8326780.87698215,1249907200,7,0,6477,0,0,4,0,0,0.999382811294553,0,0,0.00061718870544669,0,0,0.994941064424623,0,0,0.00505893557537712,0,0,1243584000,0,0,6323200,0,105
0,0,1,0,1343.40512090418,19281.5589435261,2034761.03109508,1248832000,8,0,0,790,0,0,0,0,0,1,0,0,0,0,0,1,0,0,0,0,0,1248832000,0,0,0,106
0.25,0,0.75,0,32373.5006798388,170400.951339044,2027781.07322686,1249600000,8,0,4,790,0,0,0,0,0.00503778337531486,0.994962216624685,0,0,0,0,0.000614596670934699,0.999385403329065,0,0,0,0,768000,1248832000,0,0,0,107
0.5,0,0.5,0,189706.009675403,1036792.74238636,1906997.58345504,1248736000,8,0,123,773,0,2,0,0,0.136971046770601,0.860801781737194,0,0.0022271714922049,0,0,0.0189119237372831,0.97855623606591,0,0.00253184019680701,0,0,23616000,1221958400,0,3161600,0,108
0.75,0,0.25,0,429352.646195334,2254573.75610796,1322005.50556904,1249516800,8,0,1395,592,0,29,0,0,0.691964285714286,0.293650793650794,0,0.0143849206349206,0,0,0.214354861015074,0.748956396584664,0,0.0366887424002622,0,0,267840000,935833600,0,45843200,0,109
1,0,0,0,1047387.51974783,6227644.21934819,-7247080.44190933,1249894400,8,0,6444,0,0,8,0,0,0.998760074395536,0,0,0.00123992560446373,0,0,0.989882025233492,0,0,0.0101179747665083,0,0,1237248000,0,0,12646400,0,110
0,0.25,0.75,0,306203.827512384,1834524.21255063,1668229.11469071,1248492800,8,0,484,729,0,2,0,0,0.398353909465021,0.6,0,0.00164609053497942,0,0,0.0744321473059356,0.923035519307761,0,0.00253233338630387,0,0,92928000,1152403200,0,3161600,0,111
0.25,0.25,0.5,0,450491.671665856,2649067.91914266,1175005.11104393,1248486400,8,0,1579,595,0,3,0,0,0.725310059715204,0.273311897106109,0,0.00137804317868627,0,0,0.242828436096701,0.753373044351945,0,0.00379851955135434,0,0,303168000,940576000,0,4742400,0,112
0.5,0.25,0.25,0,802476.25539494,4728050.38989835,-953641.531574154,1249985008,8,0,5454,119,0,5,1,0,0.977594550994802,0.0213299874529486,0,0.000896217960207923,0.000179243592041585,0,0.837744447571806,0.150493964964418,0,0.0063232758388411,0.00543831162493431,0,1047168000,188115200,0,7904000,6797808,113
0.75,0.25,0,0,1034332.31043059,6386180.98331186,-8019206.24048069,1249952000,8,0,6469,0,0,5,0,0,0.999227679950571,0,0,0.000772320049428483,0,0,0.993676557179796,0,0,0.0063234428202043,0,0,1242048000,0,0,7904000,0,114
0,0.5,0.5,0,669231.440962834,3983318.84434584,-18008.7760550561,1249869808,8,0,3922,308,0,2,1,0,0.92652964800378,0.0727616347743917,0,0.00047247814788566,0.00023623907394283,0,0.602481950664097,0.389549693002905,0,0.00252954346105783,0.00543881287194034,0,753024000,486886400,0,3161600,6797808,115
0.25,0.5,0.25,0,896232.972358766,5387399.1043275,-2059772.3762526,1249914608,8,0,6384,6,0,5,1,0,0.99812382739212,0.000938086303939962,0,0.000781738586616635,0.000156347717323327,0,0.980649391690284,0.00758835838807958,0,0.00632363199006632,0.00543861793156993,0,1225728000,9484800,0,7904000,6797808,116
0.5,0.5,0,0,1025363.53934394,6403947.91093446,-8208676.44447588,1249907200,8,0,6477,0,0,4,0,0,0.999382811294553,0,0,0.00061718870544669,0,0,0.994941064424623,0,0,0.00505893557537712,0,0,1243584000,0,0,6323200,0,117
0,0.75,0.25,0,936697.084427133,5700432.68285057,-2845918.16575563,1249972208,8,0,6409,1,0,7,1,0,0.998597693985665,0.00015581177937052,0,0.00109068245559364,0.00015581177937052,0,0.984444287740516,0.00126466811812507,0,0.0088526768268755,0.00543836731448352,0,1230528000,1580800,0,11065600,6797808,118
0.25,0.75,0,0,1021102.68782889,6406663.07256185,-8287868.44671859,1249907200,8,0,6477,0,0,4,0,0,0.999382811294553,0,0,0.00061718870544669,0,0,0.994941064424623,0,0,0.00505893557537712,0,0,1243584000,0,0,6323200,0,119
0,1,0,0,1018326.72922606,6407083.00401355,-8326780.87698215,1249907200,8,0,6477,0,0,4,0,0,0.999382811294553,0,0,0.00061718870544669,0,0,0.994941064424623,0,0,0.00505893557537712,0,0,1243584000,0,0,6323200,0,120
0,0,1,0,5486.13999840654,29049.0275832805,2034761.03109508,1248832000,9,0,0,790,0,0,0,0,0,1,0,0,0,0,0,1,0,0,0,0,0,1248832000,0,0,0,121
0.25,0,0.75,0,544415.963786654,1842770.78349138,1909076.51137749,1249273600,9,0,274,757,0,0,0,0,0.265761396702231,0.734238603297769,0,0,0,0,0.0421108714696284,0.957889128530372,0,0,0,0,52608000,1196665600,0,0,0,122
0.5,0,0.5,0,1865451.31535399,6469073.21393382,991591.379815558,1248723200,9,0,2807,449,0,0,0,0,0.862100737100737,0.137899262899263,0,0,0,0,0.431596049468769,0.568403950531231,0,0,0,0,538944000,709779200,0,0,0,123
0.75,0,0.25,0,3258934.95069425,11495843.8940597,-1250251.21735261,1249920000,9,0,6510,0,0,0,0,0,1,0,0,0,0,0,1,0,0,0,0,0,1249920000,0,0,0,0,124
1,0,0,0,3612850.37114065,12827160.5857638,-5560080.81665286,1249920000,9,0,6510,0,0,0,0,0,1,0,0,0,0,0,1,0,0,0,0,0,1249920000,0,0,0,0,125
0,0.25,0.75,0,2133475.75417312,7525717.39027755,677707.656981928,1249696000,9,0,3586,355,0,0,0,0,0.909921339761482,0.0900786602385181,0,0,0,0,0.550943589480962,0.449056410519038,0,0,0,0,688512000,561184000,0,0,0,126
0.25,0.25,0.5,0,3159037.04109274,11252118.4550035,-1019528.62229769,1249914608,9,0,6384,11,0,0,1,0,0.99812382739212,0.0017198248905566,0,0,0.000156347717323327,0,0.980649391690284,0.0139119903781459,0,0,0.00543861793156993,0,1225728000,17388800,0,0,6797808,127
0.5,0.25,0.25,0,3385436.36822178,12055705.8432263,-1822764.15718034,1249920000,9,0,6510,0,0,0,0,0,1,0,0,0,0,0,1,0,0,0,0,0,1249920000,0,0,0,0,128
0.75,0.25,0,0,3605672.35692818,12891823.9215484,-5671639.32377169,1249920000,9,0,6510,0,0,0,0,0,1,0,0,0,0,0,1,0,0,0,0,0,1249920000,0,0,0,0,129
0,0.5,0.5,0,3279313.08229675,11722482.1634014,-1385717.17996156,1249920000,9,0,6510,0,0,0,0,0,1,0,0,0,0,0,1,0,0,0,0,0,1249920000,0,0,0,0,130
0.25,0.5,0.25,0,3440270.29692583,12297618.6261128,-2267543.81470528,1249920000,9,0,6510,0,0,0,0,0,1,0,0,0,0,0,1,0,0,0,0,0,1249920000,0,0,0,0,131
0.5,0.5,0,0,3598588.82737739,12904565.3482744,-5723556.22895774,1249920000,9,0,6510,0,0,0,0,0,1,0,0,0,0,0,1,0,0,0,0,0,1249920000,0,0,0,0,132
0,0.75,0.25,0,3486868.35312326,12488955.0996991,-2761802.46003356,1249920000,9,0,6510,0,0,0,0,0,1,0,0,0,0,0,1,0,0,0,0,0,1249920000,0,0,0,0,133
0.25,0.75,0,0,3593309.93023514,12907928.7427746,-5745668.14257082,1249920000,9,0,6510,0,0,0,0,0,1,0,0,0,0,0,1,0,0,0,0,0,1249920000,0,0,0,0,134
0,1,0,0,3589642.05292313,12908460.5865498,-5776912.5031344,1249920000,9,0,6510,0,0,0,0,0,1,0,0,0,0,0,1,0,0,0,0,0,1249920000,0,0,0,0,135
0,0,1,0,7.34126982178018,-974.428567209438,5568743.23747718,1248832000,10,0,0,790,0,0,0,0,0,1,0,0,0,0,0,1,0,0,0,0,0,1248832000,0,0,0,136
0.25,0,0.75,0,2927.40505093421,9495.22080689823,5568590.09467328,1249024000,10,0,1,790,0,0,0,0,0.00126422250316056,0.998735777496839,0,0,0,0,0.000153720024595204,0.999846279975405,0,0,0,0,192000,1248832000,0,0,0,137
0.5,0,0.5,0,36730.0432525277,204175.937498388,5545895.59922772,1249465600,10,0,28,787,0,0,0,0,0.0343558282208589,0.965644171779141,0,0,0,0,0.00430263946442383,0.995697360535576,0,0,0,0,5376000,1244089600,0,0,0,138
0.75,0,0.25,0,185006.833949801,1494556.60888183,5245489.75999594,1249875200,10,0,343,749,0,0,0,0,0.314102564102564,0.685897435897436,0,0,0,0,0.0526900605756479,0.947309939424352,0,0,0,0,65856000,1184019200,0,0,0,139
1,0,0,0,884373.843493134,11622555.998923,-2660397.96456004,1249964800,10,0,6502,1,0,0,0,0,0.999846224819314,0.000153775180685837,0,0,0,0,0.998735324386735,0.00126467561326527,0,0,0,0,1248384000,1580800,0,0,0,140
0,0.25,0.75,0,224122.10282103,2628849.76777173,4961236.75363777,1248748800,10,0,650,711,0,0,0,0,0.477590007347539,0.522409992652461,0,0,0,0,0.099940035978413,0.900059964021587,0,0,0,0,124800000,1123948800,0,0,0,141
0.25,0.25,0.5,0,434983.747490904,5925294.58724211,3541404.24394638,1249856000,10,0,2146,530,0,0,0,0,0.801943198804185,0.198056801195815,0,0,0,0,0.329663577244099,0.670336422755901,0,0,0,0,412032000,837824000,0,0,0,142
0.5,0.25,0.25,0,785939.834107069,12158776.1920137,-1191020.37975352,1249907200,10,0,6477,4,0,0,0,0,0.999382811294553,0.00061718870544669,0,0,0,0,0.994941064424623,0.00505893557537712,0,0,0,0,1243584000,6323200,0,0,0,143
0.75,0.25,0,0,823656.937087945,12871033.9931024,-3188994.91082422,1249920000,10,0,6510,0,0,0,0,0,1,0,0,0,0,0,1,0,0,0,0,0,1249920000,0,0,0,0,144
0,0.5,0.5,0,734293.372155384,11585414.5615274,-568998.770096772,1249817600,10,0,5999,62,0,0,0,0,0.989770664906781,0.0102293350932189,0,0,0,0,0.921580877081584,0.0784191229184163,0,0,0,0,1151808000,98009600,0,0,0,145
0.25,0.5,0.25,0,792960.360732273,12595361.6609174,-1805110.78914344,1249920000,10,0,6510,0,0,0,0,0,1,0,0,0,0,0,1,0,0,0,0,0,1249920000,0,0,0,0,146
0.5,0.5,0,0,806861.0270489,12903269.7801108,-3234992.28125691,1249920000,10,0,6510,0,0,0,0,0,1,0,0,0,0,0,1,0,0,0,0,0,1249920000,0,0,0,0,147
0,0.75,0.25,0,792111.390117761,12734647.9324216,-2143012.22684571,1249920000,10,0,6510,0,0,0,0,0,1,0,0,0,0,0,1,0,0,0,0,0,1249920000,0,0,0,0,148
0.25,0.75,0,0,800263.632510631,12907661.109583,-3244739.07127414,1249920000,10,0,6510,0,0,0,0,0,1,0,0,0,0,0,1,0,0,0,0,0,1249920000,0,0,0,0,149
0,1,0,0,795659.190595256,12908460.5865498,-3253088.33002374,1249920000,10,0,6510,0,0,0,0,0,1,0,0,0,0,0,1,0,0,0,0,0,1249920000,0,0,0,0,150
0,0,1,0,19.6857963541181,-974.428567209438,5568743.23747718,1248832000,11,0,0,790,0,0,0,0,0,1,0,0,0,0,0,1,0,0,0,0,0,1248832000,0,0,0,151
0.25,0,0.75,0,9447.69939145834,29235.5812639856,5568400.63338749,1249408000,11,0,3,790,0,0,0,0,0.00378310214375788,0.996216897856242,0,0,0,0,0.000461018338285012,0.999538981661715,0,0,0,0,576000,1248832000,0,0,0,152
0.5,0,0.5,0,226196.797917736,948387.183093764,5414299.85918027,1249664000,11,0,169,770,0,0,0,0,0.179978700745474,0.820021299254526,0,0,0,0,0.025965379494008,0.974034620505992,0,0,0,0,32448000,1217216000,0,0,0,153
0.75,0,0.25,0,1188721.1211189,5822959.91558419,3478037.7494644,1249971200,11,0,2196,524,0,0,0,0,0.807352941176471,0.192647058823529,0,0,0,0,0.337313371700084,0.662686628299916,0,0,0,0,421632000,828339200,0,0,0,154
1,0,0,0,2350936.86686476,12545705.1058001,-2957086.84712517,1249920000,11,0,6510,0,0,0,0,0,1,0,0,0,0,0,1,0,0,0,0,0,1249920000,0,0,0,0,155
0,0.25,0.75,0,536344.016849502,2628849.76777173,4961236.75363777,1248748800,11,0,650,711,0,0,0,0,0.477590007347539,0.522409992652461,0,0,0,0,0.099940035978413,0.900059964021587,0,0,0,0,124800000,1123948800,0,0,0,156
0.25,0.25,0.5,0,1303882.36243708,6891109.77977091,2997362.11461442,1248966400,11,0,2693,463,0,0,0,0,0.853295310519645,0.146704689480355,0,0,0,0,0.413987117667857,0.586012882332143,0,0,0,0,517056000,731910400,0,0,0,157
0.5,0.25,0.25,0,2236862.11128898,12320353.5020506,-1399352.14943502,1249920000,11,0,6510,0,0,0,0,0,1,0,0,0,0,0,1,0,0,0,0,0,1249920000,0,0,0,0,158
0.75,0.25,0,0,2323743.85540528,12859131.043169,-3152512.74211931,1249920000,11,0,6510,0,0,0,0,0,1,0,0,0,0,0,1,0,0,0,0,0,1249920000,0,0,0,0,159
0,0.5,0.5,0,2078187.42552309,11585414.5615274,-568998.770096772,1249817600,11,0,5999,62,0,0,0,0,0.989770664906781,0.0102293350932189,0,0,0,0,0.921580877081584,0.0784191229184163,0,0,0,0,1151808000,98009600,0,0,0,160
0.25,0.5,0.25,0,2258995.65356914,12615405.343114,-1849333.82905593,1249920000,11,0,6510,0,0,0,0,0,1,0,0,0,0,0,1,0,0,0,0,0,1249920000,0,0,0,0,161
0.5,0.5,0,0,2302614.6440256,12899307.3802053,-3213895.98505444,1249920000,11,0,6510,0,0,0,0,0,1,0,0,0,0,0,1,0,0,0,0,0,1249920000,0,0,0,0,162
0,0.75,0.25,0,2264414.3594562,12734647.9324216,-2143012.22684571,1249920000,11,0,6510,0,0,0,0,0,1,0,0,0,0,0,1,0,0,0,0,0,1249920000,0,0,0,0,163
0.25,0.75,0,0,2290638.21069703,12907236.0350539,-3236495.39103768,1249920000,11,0,6510,0,0,0,0,0,1,0,0,0,0,0,1,0,0,0,0,0,1249920000,0,0,0,0,164
0,1,0,0,2282920.3793625,12908460.5865498,-3253088.33002374,1249920000,11,0,6510,0,0,0,0,0,1,0,0,0,0,0,1,0,0,0,0,0,1249920000,0,0,0,0,165
0,0,1,0,-48.5243560508334,-974.428567209438,5568743.23747718,1248832000,12,0,0,790,0,0,0,0,0,1,0,0,0,0,0,1,0,0,0,0,0,1248832000,0,0,0,166
0.25,0,0.75,0,40794.5344181676,122614.896903598,5560568.18275786,1249747200,12,0,13,789,0,0,0,0,0.0162094763092269,0.983790523690773,0,0,0,0,0.00199720391451967,0.99800279608548,0,0,0,0,2496000,1247251200,0,0,0,167
0.5,0,0.5,0,620324.066293956,2034785.56121756,5145372.17563274,1249868800,12,0,450,736,0,0,0,0,0.379426644182125,0.620573355817875,0,0,0,0,0.0691272555967474,0.930872744403253,0,0,0,0,86400000,1163468800,0,0,0,168
0.75,0,0.25,0,2873548.10155695,10082589.3729732,732526.327242365,1249619200,12,0,4870,199,0,0,0,0,0.960741763661472,0.0392582363385283,0,0,0,0,0.748259949911141,0.251740050088859,0,0,0,0,935040000,314579200,0,0,0,169
1,0,0,0,3612850.37114065,12827160.5857638,-3131617.79802718,1249920000,12,0,6510,0,0,0,0,0,1,0,0,0,0,0,1,0,0,0,0,0,1249920000,0,0,0,0,170
0,0.25,0.75,0,777400.78674249,2628849.76777173,4961236.75363777,1248748800,12,0,650,711,0,0,0,0,0.477590007347539,0.522409992652461,0,0,0,0,0.099940035978413,0.900059964021587,0,0,0,0,124800000,1123948800,0,0,0,171
0.25,0.25,0.5,0,2196544.60168568,7714651.07307211,2494016.16268452,1248492800,12,0,3201,401,0,0,0,0,0.888672959466963,0.111327040533037,0,0,0,0,0.492267156046074,0.507732843953926,0,0,0,0,614592000,633900800,0,0,0,172
0.5,0.25,0.25,0,3489037.58168856,12441398.5968857,-1545768.27512759,1249920000,12,0,6510,0,0,0,0,0,1,0,0,0,0,0,1,0,0,0,0,0,1249920000,0,0,0,0,173
0.75,0.25,0,0,3605672.35692818,12891823.9215484,-3194161.72371303,1249920000,12,0,6510,0,0,0,0,0,1,0,0,0,0,0,1,0,0,0,0,0,1249920000,0,0,0,0,174
0,0.5,0.5,0,3242905.37132917,11585414.5615274,-568998.770096772,1249817600,12,0,5999,62,0,0,0,0,0.989770664906781,0.0102293350932189,0,0,0,0,0.921580877081584,0.0784191229184163,0,0,0,0,1151808000,98009600,0,0,0,175
0.25,0.5,0.25,0,3533874.3180323,12646500.5312421,-1913966.5443248,1249920000,12,0,6510,0,0,0,0,0,1,0,0,0,0,0,1,0,0,0,0,0,1249920000,0,0,0,0,176
0.5,0.5,0,0,3598588.82737739,12904565.3482744,-3222745.93089183,1249920000,12,0,6510,0,0,0,0,0,1,0,0,0,0,0,1,0,0,0,0,0,1249920000,0,0,0,0,177
0,0.75,0.25,0,3550785.02270001,12734647.9324216,-2143012.22684571,1249920000,12,0,6510,0,0,0,0,0,1,0,0,0,0,0,1,0,0,0,0,0,1249920000,0,0,0,0,178
0.25,0.75,0,0,3593309.93023514,12907928.7427746,-3235853.36647688,1249920000,12,0,6510,0,0,0,0,0,1,0,0,0,0,0,1,0,0,0,0,0,1249920000,0,0,0,0,179
0,1,0,0,3589642.05292313,12908460.5865498,-3253088.33002374,1249920000,12,0,6510,0,0,0,0,0,1,0,0,0,0,0,1,0,0,0,0,0,1249920000,0,0,0,0,180
0,0,1,0,34.5961655374372,2082.16716512959,4438706.23825206,1248832000,13,0,0,790,0,0,0,0,0,1,0,0,0,0,0,1,0,0,0,0,0,1248832000,0,0,0,181
0.25,0,0.75,0,2954.65994664987,12551.8165392373,4438512.97581091,1249024000,13,0,1,790,0,0,0,0,0.00126422250316056,0.998735777496839,0,0,0,0,0.000153720024595204,0.999846279975405,0,0,0,0,192000,1248832000,0,0,0,182
0.5,0,0.5,0,45877.042039835,273616.970658141,4408284.33113793,1248608000,13,0,40,785,0,0,0,0,0.0484848484848485,0.951515151515152,0,0,0,0,0.00615084958609908,0.993849150413901,0,0,0,0,7680000,1240928000,0,0,0,183
0.75,0,0.25,0,221532.99316296,1894792.57089869,4058429.40879543,1248448000,13,0,492,730,0,0,0,0,0.402618657937807,0.597381342062193,0,0,0,0,0.0756651458450813,0.924334854154919,0,0,0,0,94464000,1153984000,0,0,0,184
1,0,0,0,884373.843493134,11622555.998923,-3565735.40505737,1249964800,13,0,6502,1,0,0,0,0,0.999846224819314,0.000153775180685837,0,0,0,0,0.998735324386735,0.00126467561326527,0,0,0,0,1248384000,1580800,0,0,0,185
0,0.25,0.75,0,288471.078740706,3691031.26327394,3609827.79940589,1249740800,13,0,1108,656,0,0,0,0,0.6281179138322,0.3718820861678,0,0,0,0,0.170224097668893,0.829775902331107,0,0,0,0,212736000,1037004800,0,0,0,186
0.25,0.25,0.5,0,513036.430835713,7299311.92853297,2055165.45989374,1248972800,13,0,3080,416,0,0,0,0,0.881006864988558,0.118993135011442,0,0,0,0,0.473477084528983,0.526522915471017,0,0,0,0,591360000,657612800,0,0,0,187
0.5,0.25,0.25,0,775294.644807995,11988111.6166421,-1345505.83727445,1249817600,13,0,6493,2,0,0,0,0,0.999692070823711,0.000307929176289453,0,0,0,0,0.997470350873599,0.00252964912640052,0,0,0,0,1246656000,3161600,0,0,0,188
0.75,0.25,0,0,823656.937087945,12871033.9931024,-4287577.89472185,1249920000,13,0,6510,0,0,0,0,0,1,0,0,0,0,0,1,0,0,0,0,0,1249920000,0,0,0,0,189
0,0.5,0.5,0,748013.900149746,11887921.0410923,-1220647.20501451,1249996800,13,0,6461,6,0,0,0,0,0.999072212772538,0.000927787227462502,0,0,0,0,0.99241214057508,0.00758785942492013,0,0,0,0,1240512000,9484800,0,0,0,190
0.25,0.5,0.25,0,783378.93091041,12431885.9043583,-1997691.93773206,1249920000,13,0,6510,0,0,0,0,0,1,0,0,0,0,0,1,0,0,0,0,0,1249920000,0,0,0,0,191
0.5,0.5,0,0,806861.0270489,12903269.7801108,-4349709.35662998,1249920000,13,0,6510,0,0,0,0,0,1,0,0,0,0,0,1,0,0,0,0,0,1249920000,0,0,0,0,192
0,0.75,0.25,0,788269.447350066,12630971.8622773,-2488888.29402352,1249920000,13,0,6510,0,0,0,0,0,1,0,0,0,0,0,1,0,0,0,0,0,1249920000,0,0,0,0,193
0.25,0.75,0,0,800263.632510631,12907661.109583,-4362711.97734595,1249920000,13,0,6510,0,0,0,0,0,1,0,0,0,0,0,1,0,0,0,0,0,1249920000,0,0,0,0,194
0,1,0,0,795659.190595256,12908460.5865498,-4373851.03894002,1249920000,13,0,6510,0,0,0,0,0,1,0,0,0,0,0,1,0,0,0,0,0,1249920000,0,0,0,0,195
0,0,1,0,219.103351546755,2082.16716512959,4438706.23825206,1248832000,14,0,0,790,0,0,0,0,0,1,0,0,0,0,0,1,0,0,0,0,0,1248832000,0,0,0,196
0.25,0,0.75,0,20682.73469389,77333.9941603827,4432956.94523736,1248787200,14,0,8,789,0,0,0,0,0.0100376411543287,0.989962358845671,0,0,0,0,0.00122999338878554,0.998770006611215,0,0,0,0,1536000,1247251200,0,0,0,197
0.5,0,0.5,0,326665.328101812,1422470.44135006,4216011.73276079,1249094400,14,0,306,753,0,0,0,0,0.288951841359773,0.711048158640227,0,0,0,0,0.0470356764068432,0.952964323593157,0,0,0,0,58752000,1190342400,0,0,0,198
0.75,0,0.25,0,1404337.40980638,7028463.98138378,2067374.32716329,1249491200,14,0,3058,419,0,0,0,0,0.879493816508484,0.120506183491516,0,0,0,0,0.469900068123729,0.530099931876271,0,0,0,0,587136000,662355200,0,0,0,199
1,0,0,0,2350936.86686476,12545705.1058001,-3972106.10139974,1249920000,14,0,6510,0,0,0,0,0,1,0,0,0,0,0,1,0,0,0,0,0,1249920000,0,0,0,0,200
0,0.25,0.75,0,724336.07647403,3691031.26327394,3609827.79940589,1249740800,14,0,1108,656,0,0,0,0,0.6281179138322,0.3718820861678,0,0,0,0,0.170224097668893,0.829775902331107,0,0,0,0,212736000,1037004800,0,0,0,201
0.25,0.25,0.5,0,1514301.91329358,8116518.76490107,1599596.74007499,1249427200,14,0,3634,349,0,0,0,0,0.912377604820487,0.0876223951795129,0,0,0,0,0.558438298766027,0.441561701233973,0,0,0,0,697728000,551699200,0,0,0,202
0.5,0.25,0.25,0,2199507.16825132,12110822.8534058,-1500374.36219904,1249920000,14,0,6510,0,0,0,0,0,1,0,0,0,0,0,1,0,0,0,0,0,1249920000,0,0,0,0,203
0.75,0.25,0,0,2323743.85540528,12859131.043169,-4238205.45714364,1249920000,14,0,6510,0,0,0,0,0,1,0,0,0,0,0,1,0,0,0,0,0,1249920000,0,0,0,0,204
0,0.5,0.5,0,2126073.5735324,11887921.0410923,-1220647.20501451,1249996800,14,0,6461,6,0,0,0,0,0.999072212772538,0.000927787227462502,0,0,0,0,0.99241214057508,0.00758785942492013,0,0,0,0,1240512000,9484800,0,0,0,205
0.25,0.5,0.25,0,2232825.80946268,12466707.1987732,-2072479.24068122,1249920000,14,0,6510,0,0,0,0,0,1,0,0,0,0,0,1,0,0,0,0,0,1249920000,0,0,0,0,206
0.5,0.5,0,0,2302614.6440256,12899307.3802053,-4321555.54317611,1249920000,14,0,6510,0,0,0,0,0,1,0,0,0,0,0,1,0,0,0,0,0,1249920000,0,0,0,0,207
0,0.75,0.25,0,2249930.41816754,12630971.8622773,-2488888.29402352,1249920000,14,0,6510,0,0,0,0,0,1,0,0,0,0,0,1,0,0,0,0,0,1249920000,0,0,0,0,208
0.25,0.75,0,0,2290638.21069703,12907236.0350539,-4351436.79392016,1249920000,14,0,6510,0,0,0,0,0,1,0,0,0,0,0,1,0,0,0,0,0,1249920000,0,0,0,0,209
0,1,0,0,2282920.3793625,12908460.5865498,-4373851.03894002,1249920000,14,0,6510,0,0,0,0,0,1,0,0,0,0,0,1,0,0,0,0,0,1249920000,0,0,0,0,210
0,0,1,0,491.8522295199,2082.16716512959,4438706.23825206,1248832000,15,0,0,790,0,0,0,0,0,1,0,0,0,0,0,1,0,0,0,0,0,1248832000,0,0,0,211
0.25,0,0.75,0,68991.8370840736,214324.576704811,4420378.99462309,1248889600,15,0,25,787,0,0,0,0,0.0307881773399015,0.969211822660099,0,0,0,0,0.00384341418168588,0.996156585818314,0,0,0,0,4800000,1244089600,0,0,0,212
0.5,0,0.5,0,819118.675850297,2724431.16968598,3895522.49251385,1248492800,15,0,731,701,0,0,0,0,0.510474860335196,0.489525139664804,0,0,0,0,0.112417148100494,0.887582851899506,0,0,0,0,140352000,1108140800,0,0,0,213
0.75,0,0.25,0,3039816.9324958,10696489.8357668,-212102.907429514,1249843200,15,0,5571,114,0,0,0,0,0.979947229551451,0.0200527704485488,0,0,0,0,0.855812953176846,0.144187046823154,0,0,0,0,1069632000,180211200,0,0,0,214
1,0,0,0,3612850.37114065,12827160.5857638,-4210086.70768119,1249920000,15,0,6510,0,0,0,0,0,1,0,0,0,0,0,1,0,0,0,0,0,1249920000,0,0,0,0,215
0,0.25,0.75,0,1073186.77343724,3691031.26327394,3609827.79940589,1249740800,15,0,1108,656,0,0,0,0,0.6281179138322,0.3718820861678,0,0,0,0,0.170224097668893,0.829775902331107,0,0,0,0,212736000,1037004800,0,0,0,216
0.25,0.25,0.5,0,2494621.15760572,8801841.20149966,1185188.45278827,1249990400,15,0,4098,293,0,0,0,0,0.933272603051697,0.0667273969483033,0,0,0,0,0.629457634234631,0.370542365765369,0,0,0,0,786816000,463174400,0,0,0,217
0.5,0.25,0.25,0,3428392.58539537,12213610.6039169,-1625071.881717,1249920000,15,0,6510,0,0,0,0,0,1,0,0,0,0,0,1,0,0,0,0,0,1249920000,0,0,0,0,218
0.75,0.25,0,0,3605672.35692818,12891823.9215484,-4294532.39782511,1249920000,15,0,6510,0,0,0,0,0,1,0,0,0,0,0,1,0,0,0,0,0,1249920000,0,0,0,0,219
0,0.5,0.5,0,3323572.79295335,11887921.0410923,-1220647.20501451,1249996800,15,0,6461,6,0,0,0,0,0.999072212772538,0.000927787227462502,0,0,0,0,0.99241214057508,0.00758785942492013,0,0,0,0,1240512000,9484800,0,0,0,220
0.25,0.5,0.25,0,3491629.75779692,12490416.3799352,-2122295.67936032,1249920000,15,0,6510,0,0,0,0,0,1,0,0,0,0,0,1,0,0,0,0,0,1249920000,0,0,0,0,221
0.5,0.5,0,0,3598588.82737739,12904565.3482744,-4333365.38286035,1249920000,15,0,6510,0,0,0,0,0,1,0,0,0,0,0,1,0,0,0,0,0,1249920000,0,0,0,0,222
0,0.75,0.25,0,3524763.90568794,12630971.8622773,-2488888.29402352,1249920000,15,0,6510,0,0,0,0,0,1,0,0,0,0,0,1,0,0,0,0,0,1249920000,0,0,0,0,223
0.25,0.75,0,0,3593309.93023514,12907928.7427746,-4350415.38548257,1249920000,15,0,6510,0,0,0,0,0,1,0,0,0,0,0,1,0,0,0,0,0,1249920000,0,0,0,0,224
0,1,0,0,3589642.05292313,12908460.5865498,-4373851.03894002,1249920000,15,0,6510,0,0,0,0,0,1,0,0,0,0,0,1,0,0,0,0,0,1249920000,0,0,0,0,225
0,0,1,0,706.614102211601,79732.6101070742,3964301.37680249,1248832000,16,0,0,790,0,0,0,0,0,1,0,0,0,0,0,1,0,0,0,0,0,1248832000,0,0,0,226
0.25,0,0.75,0,6652.8521085942,107072.438675632,3963248.9801614,1249024000,16,0,1,790,0,0,0,0,0.00126422250316056,0.998735777496839,0,0,0,0,0.000153720024595204,0.999846279975405,0,0,0,0,192000,1248832000,0,0,0,227
0.5,0,0.5,0,60580.7290810542,488966.699697059,3925754.65123575,1249996800,16,0,39,786,0,0,0,0,0.0472727272727273,0.952727272727273,0,0,0,0,0.00599041533546326,0.994009584664537,0,0,0,0,7488000,1242508800,0,0,0,228
0.75,0,0.25,0,242457.66454702,2347225.72207044,3527757.17863285,1249011200,16,0,462,734,0,0,0,0,0.38628762541806,0.61371237458194,0,0,0,0,0.0710193791696984,0.928980620830302,0,0,0,0,88704000,1160307200,0,0,0,229
1,0,0,0,884373.843493134,11622555.998923,-4697931.71423734,1249964800,16,0,6502,1,0,0,0,0,0.999846224819314,0.000153775180685837,0,0,0,0,0.998735324386735,0.00126467561326527,0,0,0,0,1248384000,1580800,0,0,0,230
0,0.25,0.75,0,334355.548091754,5027837.66982508,2871953.97860117,1249529600,16,0,934,677,0,0,0,0,0.579764121663563,0.420235878336437,0,0,0,0,0.143516408094694,0.856483591905306,0,0,0,0,179328000,1070201600,0,0,0,231
0.25,0.25,0.5,0,514009.596044895,7699769.38792856,1539541.85474189,1249260800,16,0,2711,461,0,0,0,0,0.854665825977301,0.145334174022699,0,0,0,0,0.416655993688428,0.583344006311572,0,0,0,0,520512000,728748800,0,0,0,232
0.5,0.25,0.25,0,761415.259767388,11761401.1083759,-1443399.02803233,1249862400,16,0,6485,3,0,0,0,0,0.999537607891492,0.000462392108508015,0,0,0,0,0.996205662319308,0.00379433768069189,0,0,0,0,1245120000,4742400,0,0,0,233
0.75,0.25,0,0,823656.937087945,12871033.9931024,-5662745.87511595,1249920000,16,0,6510,0,0,0,0,0,1,0,0,0,0,0,1,0,0,0,0,0,1249920000,0,0,0,0,234
0,0.5,0.5,0,736551.990601502,11678920.8440903,-1337811.33827905,1249894400,16,0,6444,8,0,0,0,0,0.998760074395536,0.00123992560446373,0,0,0,0,0.989882025233492,0.0101179747665083,0,0,0,0,1237248000,12646400,0,0,0,235
0.25,0.5,0.25,0,772096.623843687,12217536.3904652,-2095424.85993703,1249920000,16,0,6510,0,0,0,0,0,1,0,0,0,0,0,1,0,0,0,0,0,1249920000,0,0,0,0,236
0.5,0.5,0,0,806861.0270489,12903269.7801108,-5745059.53517928,1249920000,16,0,6510,0,0,0,0,0,1,0,0,0,0,0,1,0,0,0,0,0,1249920000,0,0,0,0,237
0,0.75,0.25,0,781402.005655667,12488955.0996991,-2761802.46003356,1249920000,16,0,6510,0,0,0,0,0,1,0,0,0,0,0,1,0,0,0,0,0,1249920000,0,0,0,0,238
0.25,0.75,0,0,800263.632510631,12907661.109583,-5762188.73246931,1249920000,16,0,6510,0,0,0,0,0,1,0,0,0,0,0,1,0,0,0,0,0,1249920000,0,0,0,0,239
0,1,0,0,795659.190595256,12908460.5865498,-5776912.5031344,1249920000,16,0,6510,0,0,0,0,0,1,0,0,0,0,0,1,0,0,0,0,0,1249920000,0,0,0,0,240
0,0,1,0,5921.71293537298,79732.6101070742,3964301.37680249,1248832000,17,0,0,790,0,0,0,0,0,1,0,0,0,0,0,1,0,0,0,0,0,1248832000,0,0,0,241
0.25,0,0.75,0,52228.4876474548,275663.093765025,3951045.65393791,1248595200,17,0,7,789,0,0,0,0,0.00879396984924623,0.991206030150754,0,0,0,0,0.00107640971229106,0.998923590287709,0,0,0,0,1344000,1247251200,0,0,0,242
0.5,0,0.5,0,460638.237045341,2261993.10339685,3640803.48983715,1248889600,17,0,272,757,0,0,0,0,0.264334305150632,0.735665694849368,0,0,0,0,0.0418163462967423,0.958183653703258,0,0,0,0,52224000,1196665600,0,0,0,243
0.75,0,0.25,0,1476386.06572329,7641218.08274252,1443729.93190997,1248998400,17,0,2899,438,0,0,0,0,0.868744381180701,0.131255618819299,0,0,0,0,0.445643485211831,0.554356514788169,0,0,0,0,556608000,692390400,0,0,0,244
1,0,0,0,2350936.86686476,12545705.1058001,-5241917.59203863,1249920000,17,0,6510,0,0,0,0,0,1,0,0,0,0,0,1,0,0,0,0,0,1249920000,0,0,0,0,245
0,0.25,0.75,0,902999.94094177,5027837.66982508,2871953.97860117,1249529600,17,0,934,677,0,0,0,0,0.579764121663563,0.420235878336437,0,0,0,0,0.143516408094694,0.856483591905306,0,0,0,0,179328000,1070201600,0,0,0,246
0.25,0.25,0.5,0,1545575.64930174,8488695.73560748,1053511.01074953,1249088000,17,0,3377,380,0,0,0,0,0.898855469789726,0.101144530210274,0,0,0,0,0.519085925090946,0.480914074909054,0,0,0,0,648384000,600704000,0,0,0,247
0.5,0.25,0.25,0,2167516.63710427,11919434.9738886,-1650252.05673429,1249964800,17,0,6502,1,0,0,0,0,0.999846224819314,0.000153775180685837,0,0,0,0,0.998735324386735,0.00126467561326527,0,0,0,0,1248384000,1580800,0,0,0,248
0.75,0.25,0,0,2323743.85540528,12859131.043169,-5597195.83634756,1249920000,17,0,6510,0,0,0,0,0,1,0,0,0,0,0,1,0,0,0,0,0,1249920000,0,0,0,0,249
0,0.5,0.5,0,2091274.89598801,11678920.8440903,-1337811.33827905,1249894400,17,0,6444,8,0,0,0,0,0.998760074395536,0.00123992560446373,0,0,0,0,0.989882025233492,0.0101179747665083,0,0,0,0,1237248000,12646400,0,0,0,250
0.25,0.5,0.25,0,2200069.29744812,12263560.2746745,-2194973.22617069,1249920000,17,0,6510,0,0,0,0,0,1,0,0,0,0,0,1,0,0,0,0,0,1249920000,0,0,0,0,251
0.5,0.5,0,0,2302614.6440256,12899307.3802053,-5707825.35071007,1249920000,17,0,6510,0,0,0,0,0,1,0,0,0,0,0,1,0,0,0,0,0,1249920000,0,0,0,0,252
0,0.75,0.25,0,2227167.40183808,12488955.0996991,-2761802.46003356,1249920000,17,0,6510,0,0,0,0,0,1,0,0,0,0,0,1,0,0,0,0,0,1249920000,0,0,0,0,253
0.25,0.75,0,0,2290638.21069703,12907236.0350539,-5747157.01419217,1249920000,17,0,6510,0,0,0,0,0,1,0,0,0,0,0,1,0,0,0,0,0,1249920000,0,0,0,0,254
0,1,0,0,2282920.3793625,12908460.5865498,-5776912.5031344,1249920000,17,0,6510,0,0,0,0,0,1,0,0,0,0,0,1,0,0,0,0,0,1249920000,0,0,0,0,255
0,0,1,0,15436.7414930115,79732.6101070742,3964301.37680249,1248832000,18,0,0,790,0,0,0,0,0,1,0,0,0,0,0,1,0,0,0,0,0,1248832000,0,0,0,256
0.25,0,0.75,0,192191.606612296,676718.910996817,3920795.43462407,1249318400,18,0,19,788,0,0,0,0,0.023543990086741,0.976456009913259,0,0,0,0,0.0029199922133541,0.997080007786646,0,0,0,0,3648000,1245670400,0,0,0,257
0.5,0,0.5,0,1127356.82552078,3951157.77727959,3230183.17635647,1249990400,18,0,640,713,0,0,0,0,0.473022912047302,0.526977087952698,0,0,0,0,0.0983047549805182,0.901695245019482,0,0,0,0,122880000,1127110400,0,0,0,258
0.75,0,0.25,0,3179697.20668787,11215858.0400121,-981425.773545632,1249843200,18,0,6065,54,0,0,0,0,0.991175028599444,0.00882497140055565,0,0,0,0,0.931700872557454,0.0682991274425464,0,0,0,0,1164480000,85363200,0,0,0,259
1,0,0,0,3612850.37114065,12827160.5857638,-5560080.81665286,1249920000,18,0,6510,0,0,0,0,0,1,0,0,0,0,0,1,0,0,0,0,0,1249920000,0,0,0,0,260
0,0.25,0.75,0,1402360.81330564,5027837.66982508,2871953.97860117,1249529600,18,0,934,677,0,0,0,0,0.579764121663563,0.420235878336437,0,0,0,0,0.143516408094694,0.856483591905306,0,0,0,0,179328000,1070201600,0,0,0,261
0.25,0.25,0.5,0,2583710.07687843,9196366.27337446,592169.616654668,1249420800,18,0,3988,306,0,0,0,0,0.928737773637634,0.0712622263623661,0,0,0,0,0.612840765897286,0.387159234102714,0,0,0,0,765696000,483724800,0,0,0,262
0.5,0.25,0.25,0,3385436.36822178,12055705.8432263,-1822764.15718034,1249920000,18,0,6510,0,0,0,0,0,1,0,0,0,0,0,1,0,0,0,0,0,1249920000,0,0,0,0,263
0.75,0.25,0,0,3605672.35692818,12891823.9215484,-5671639.32377169,1249920000,18,0,6510,0,0,0,0,0,1,0,0,0,0,0,1,0,0,0,0,0,1249920000,0,0,0,0,264
0,0.5,0.5,0,3267079.14477429,11678920.8440903,-1337811.33827905,1249894400,18,0,6444,8,0,0,0,0,0.998760074395536,0.00123992560446373,0,0,0,0,0.989882025233492,0.0101179747665083,0,0,0,0,1237248000,12646400,0,0,0,265
0.25,0.5,0.25,0,3440270.29692583,12297618.6261128,-2267543.81470528,1249920000,18,0,6510,0,0,0,0,0,1,0,0,0,0,0,1,0,0,0,0,0,1249920000,0,0,0,0,266
0.5,0.5,0,0,3598588.82737739,12904565.3482744,-5723556.22895774,1249920000,18,0,6510,0,0,0,0,0,1,0,0,0,0,0,1,0,0,0,0,0,1249920000,0,0,0,0,267
0,0.75,0.25,0,3486868.35312326,12488955.0996991,-2761802.46003356,1249920000,18,0,6510,0,0,0,0,0,1,0,0,0,0,0,1,0,0,0,0,0,1249920000,0,0,0,0,268
0.25,0.75,0,0,3593309.93023514,12907928.7427746,-5745668.14257082,1249920000,18,0,6510,0,0,0,0,0,1,0,0,0,0,0,1,0,0,0,0,0,1249920000,0,0,0,0,269
0,1,0,0,3589642.05292313,12908460.5865498,-5776912.5031344,1249920000,18,0,6510,0,0,0,0,0,1,0,0,0,0,0,1,0,0,0,0,0,1249920000,0,0,0,0,270
